payment_method_id,payment_method
PME00001,Account payee checks
PME00002,Account payee checks
PME00003,Bearer checks
PME00004,Order checks
PME00005,Account payee checks
PME00006,Bearer checks
PME00007,Order checks
PME00008,Bearer checks
PME00009,Bearer checks
PME00010,Account payee checks
PME00011,Account payee checks
PME00012,Account payee checks
PME00013,Counter checks
PME00014,Bearer checks
PME00015,Account payee checks
PME00016,Counter checks
PME00017,Bearer checks
PME00018,Counter checks
PME00019,Bearer checks
PME00020,Account payee checks
PME00021,Counter checks
PME00022,Account payee checks
PME00023,Bearer checks
PME00024,Order checks
PME00025,Order checks
PME00026,Account payee checks
PME00027,Counter checks
PME00028,Bearer checks
PME00029,Bearer checks
PME00030,Counter checks
PME00031,Account payee checks
PME00032,Order checks
PME00033,Bearer checks
PME00034,Counter checks
PME00035,Account payee checks
PME00036,Account payee checks
PME00037,Account payee checks
PME00038,Order checks
PME00039,Order checks
PME00040,Counter checks
PME00041,Order checks
PME00042,Bearer checks
PME00043,Account payee checks
PME00044,Account payee checks
PME00045,Counter checks
PME00046,Order checks
PME00047,Order checks
PME00048,Bearer checks
PME00049,Account payee checks
PME00050,Counter checks
PME00051,Bearer checks
PME00052,Account payee checks
PME00053,Account payee checks
PME00054,Order checks
PME00055,Order checks
PME00056,Bearer checks
PME00057,Order checks
PME00058,Order checks
PME00059,Order checks
PME00060,Order checks
PME00061,Account payee checks
PME00062,Order checks
PME00063,Counter checks
PME00064,Bearer checks
PME00065,Bearer checks
PME00066,Order checks
PME00067,Account payee checks
PME00068,Bearer checks
PME00069,Counter checks
PME00070,Counter checks
PME00071,Account payee checks
PME00072,Account payee checks
PME00073,Counter checks
PME00074,Order checks
PME00075,Counter checks
PME00076,Account payee checks
PME00077,Order checks
PME00078,Counter checks
PME00079,Bearer checks
PME00080,Bearer checks
PME00081,Counter checks
PME00082,Account payee checks
PME00083,Counter checks
PME00084,Counter checks
PME00085,Account payee checks
PME00086,Account payee checks
PME00087,Account payee checks
PME00088,Account payee checks
PME00089,Counter checks
PME00090,Account payee checks
PME00091,Order checks
PME00092,Order checks
PME00093,Counter checks
PME00094,Order checks
PME00095,Account payee checks
PME00096,Counter checks
PME00097,Counter checks
PME00098,Account payee checks
PME00099,Bearer checks
PME00100,Counter checks
PME00101,Counter checks
PME00102,Bearer checks
PME00103,Account payee checks
PME00104,Account payee checks
PME00105,Counter checks
PME00106,Bearer checks
PME00107,Order checks
PME00108,Counter checks
PME00109,Account payee checks
PME00110,Counter checks
PME00111,Counter checks
PME00112,Account payee checks
PME00113,Account payee checks
PME00114,Order checks
PME00115,Order checks
PME00116,Counter checks
PME00117,Order checks
PME00118,Counter checks
PME00119,Order checks
PME00120,Order checks
PME00121,Counter checks
PME00122,Bearer checks
PME00123,Order checks
PME00124,Bearer checks
PME00125,Counter checks
PME00126,Counter checks
PME00127,Order checks
PME00128,Account payee checks
PME00129,Bearer checks
PME00130,Bearer checks
PME00131,Account payee checks
PME00132,Account payee checks
PME00133,Account payee checks
PME00134,Bearer checks
PME00135,Bearer checks
PME00136,Order checks
PME00137,Account payee checks
PME00138,Order checks
PME00139,Account payee checks
PME00140,Account payee checks
PME00141,Account payee checks
PME00142,Order checks
PME00143,Order checks
PME00144,Counter checks
PME00145,Account payee checks
PME00146,Account payee checks
PME00147,Account payee checks
PME00148,Counter checks
PME00149,Counter checks
PME00150,Account payee checks
PME00151,Account payee checks
PME00152,Counter checks
PME00153,Counter checks
PME00154,Counter checks
PME00155,Account payee checks
PME00156,Order checks
PME00157,Bearer checks
PME00158,Account payee checks
PME00159,Counter checks
PME00160,Counter checks
PME00161,Bearer checks
PME00162,Order checks
PME00163,Account payee checks
PME00164,Counter checks
PME00165,Account payee checks
PME00166,Counter checks
PME00167,Order checks
PME00168,Account payee checks
PME00169,Counter checks
PME00170,Bearer checks
PME00171,Counter checks
PME00172,Account payee checks
PME00173,Order checks
PME00174,Account payee checks
PME00175,Account payee checks
PME00176,Account payee checks
PME00177,Counter checks
PME00178,Bearer checks
PME00179,Bearer checks
PME00180,Counter checks
PME00181,Order checks
PME00182,Bearer checks
PME00183,Account payee checks
PME00184,Account payee checks
PME00185,Account payee checks
PME00186,Counter checks
PME00187,Order checks
PME00188,Order checks
PME00189,Order checks
PME00190,Order checks
PME00191,Account payee checks
PME00192,Order checks
PME00193,Counter checks
PME00194,Order checks
PME00195,Order checks
PME00196,Counter checks
PME00197,Bearer checks
PME00198,Order checks
PME00199,Order checks
PME00200,Account payee checks
PME00201,Order checks
PME00202,Counter checks
PME00203,Bearer checks
PME00204,Bearer checks
PME00205,Counter checks
PME00206,Account payee checks
PME00207,Account payee checks
PME00208,Account payee checks
PME00209,Account payee checks
PME00210,Order checks
PME00211,Order checks
PME00212,Order checks
PME00213,Bearer checks
PME00214,Account payee checks
PME00215,Counter checks
PME00216,Account payee checks
PME00217,Order checks
PME00218,Counter checks
PME00219,Account payee checks
PME00220,Counter checks
PME00221,Account payee checks
PME00222,Account payee checks
PME00223,Counter checks
PME00224,Counter checks
PME00225,Bearer checks
PME00226,Bearer checks
PME00227,Account payee checks
PME00228,Account payee checks
PME00229,Account payee checks
PME00230,Account payee checks
PME00231,Bearer checks
PME00232,Order checks
PME00233,Order checks
PME00234,Account payee checks
PME00235,Account payee checks
PME00236,Counter checks
PME00237,Bearer checks
PME00238,Bearer checks
PME00239,Order checks
PME00240,Bearer checks
PME00241,Counter checks
PME00242,Account payee checks
PME00243,Counter checks
PME00244,Bearer checks
PME00245,Bearer checks
PME00246,Counter checks
PME00247,Order checks
PME00248,Order checks
PME00249,Account payee checks
PME00250,Bearer checks
PME00251,Counter checks
PME00252,Bearer checks
PME00253,Bearer checks
PME00254,Counter checks
PME00255,Account payee checks
PME00256,Counter checks
PME00257,Order checks
PME00258,Counter checks
PME00259,Bearer checks
PME00260,Order checks
PME00261,Counter checks
PME00262,Bearer checks
PME00263,Bearer checks
PME00264,Account payee checks
PME00265,Counter checks
PME00266,Account payee checks
PME00267,Order checks
PME00268,Bearer checks
PME00269,Account payee checks
PME00270,Account payee checks
PME00271,Account payee checks
PME00272,Counter checks
PME00273,Bearer checks
PME00274,Counter checks
PME00275,Account payee checks
PME00276,Account payee checks
PME00277,Bearer checks
PME00278,Bearer checks
PME00279,Order checks
PME00280,Bearer checks
PME00281,Bearer checks
PME00282,Bearer checks
PME00283,Bearer checks
PME00284,Order checks
PME00285,Bearer checks
PME00286,Counter checks
PME00287,Account payee checks
PME00288,Bearer checks
PME00289,Bearer checks
PME00290,Bearer checks
PME00291,Account payee checks
PME00292,Order checks
PME00293,Counter checks
PME00294,Account payee checks
PME00295,Account payee checks
PME00296,Order checks
PME00297,Order checks
PME00298,Order checks
PME00299,Order checks
PME00300,Order checks
PME00301,Counter checks
PME00302,Counter checks
PME00303,Order checks
PME00304,Order checks
PME00305,Account payee checks
PME00306,Account payee checks
PME00307,Order checks
PME00308,Account payee checks
PME00309,Bearer checks
PME00310,Bearer checks
PME00311,Account payee checks
PME00312,Account payee checks
PME00313,Order checks
PME00314,Bearer checks
PME00315,Counter checks
PME00316,Bearer checks
PME00317,Account payee checks
PME00318,Order checks
PME00319,Order checks
PME00320,Order checks
PME00321,Account payee checks
PME00322,Bearer checks
PME00323,Counter checks
PME00324,Bearer checks
PME00325,Account payee checks
PME00326,Order checks
PME00327,Bearer checks
PME00328,Counter checks
PME00329,Account payee checks
PME00330,Bearer checks
PME00331,Account payee checks
PME00332,Bearer checks
PME00333,Order checks
PME00334,Bearer checks
PME00335,Order checks
PME00336,Bearer checks
PME00337,Bearer checks
PME00338,Order checks
PME00339,Order checks
PME00340,Bearer checks
PME00341,Counter checks
PME00342,Account payee checks
PME00343,Bearer checks
PME00344,Order checks
PME00345,Counter checks
PME00346,Counter checks
PME00347,Counter checks
PME00348,Bearer checks
PME00349,Order checks
PME00350,Account payee checks
PME00351,Bearer checks
PME00352,Order checks
PME00353,Bearer checks
PME00354,Order checks
PME00355,Order checks
PME00356,Counter checks
PME00357,Counter checks
PME00358,Bearer checks
PME00359,Order checks
PME00360,Order checks
PME00361,Account payee checks
PME00362,Order checks
PME00363,Account payee checks
PME00364,Bearer checks
PME00365,Account payee checks
PME00366,Bearer checks
PME00367,Account payee checks
PME00368,Bearer checks
PME00369,Bearer checks
PME00370,Counter checks
PME00371,Order checks
PME00372,Counter checks
PME00373,Counter checks
PME00374,Bearer checks
PME00375,Counter checks
PME00376,Counter checks
PME00377,Bearer checks
PME00378,Counter checks
PME00379,Order checks
PME00380,Order checks
PME00381,Account payee checks
PME00382,Account payee checks
PME00383,Order checks
PME00384,Bearer checks
PME00385,Order checks
PME00386,Bearer checks
PME00387,Account payee checks
PME00388,Order checks
PME00389,Bearer checks
PME00390,Account payee checks
PME00391,Counter checks
PME00392,Account payee checks
PME00393,Bearer checks
PME00394,Counter checks
PME00395,Counter checks
PME00396,Order checks
PME00397,Counter checks
PME00398,Order checks
PME00399,Account payee checks
PME00400,Account payee checks
PME00401,Order checks
PME00402,Account payee checks
PME00403,Order checks
PME00404,Account payee checks
PME00405,Bearer checks
PME00406,Bearer checks
PME00407,Bearer checks
PME00408,Account payee checks
PME00409,Order checks
PME00410,Bearer checks
PME00411,Order checks
PME00412,Account payee checks
PME00413,Account payee checks
PME00414,Counter checks
PME00415,Bearer checks
PME00416,Account payee checks
PME00417,Order checks
PME00418,Account payee checks
PME00419,Counter checks
PME00420,Counter checks
PME00421,Account payee checks
PME00422,Account payee checks
PME00423,Counter checks
PME00424,Order checks
PME00425,Order checks
PME00426,Counter checks
PME00427,Counter checks
PME00428,Account payee checks
PME00429,Bearer checks
PME00430,Account payee checks
PME00431,Counter checks
PME00432,Account payee checks
PME00433,Counter checks
PME00434,Bearer checks
PME00435,Order checks
PME00436,Account payee checks
PME00437,Order checks
PME00438,Account payee checks
PME00439,Order checks
PME00440,Bearer checks
PME00441,Bearer checks
PME00442,Order checks
PME00443,Order checks
PME00444,Order checks
PME00445,Account payee checks
PME00446,Account payee checks
PME00447,Counter checks
PME00448,Order checks
PME00449,Account payee checks
PME00450,Account payee checks
PME00451,Counter checks
PME00452,Bearer checks
PME00453,Bearer checks
PME00454,Counter checks
PME00455,Order checks
PME00456,Account payee checks
PME00457,Account payee checks
PME00458,Counter checks
PME00459,Counter checks
PME00460,Order checks
PME00461,Bearer checks
PME00462,Account payee checks
PME00463,Order checks
PME00464,Order checks
PME00465,Account payee checks
PME00466,Account payee checks
PME00467,Bearer checks
PME00468,Bearer checks
PME00469,Bearer checks
PME00470,Order checks
PME00471,Counter checks
PME00472,Order checks
PME00473,Bearer checks
PME00474,Counter checks
PME00475,Account payee checks
PME00476,Counter checks
PME00477,Account payee checks
PME00478,Bearer checks
PME00479,Account payee checks
PME00480,Bearer checks
PME00481,Bearer checks
PME00482,Order checks
PME00483,Account payee checks
PME00484,Bearer checks
PME00485,Account payee checks
PME00486,Counter checks
PME00487,Counter checks
PME00488,Account payee checks
PME00489,Counter checks
PME00490,Account payee checks
PME00491,Order checks
PME00492,Counter checks
PME00493,Counter checks
PME00494,Account payee checks
PME00495,Account payee checks
PME00496,Bearer checks
PME00497,Bearer checks
PME00498,Account payee checks
PME00499,Order checks
PME00500,Account payee checks
PME00501,Counter checks
PME00502,Order checks
PME00503,Bearer checks
PME00504,Bearer checks
PME00505,Counter checks
PME00506,Order checks
PME00507,Order checks
PME00508,Account payee checks
PME00509,Counter checks
PME00510,Counter checks
PME00511,Bearer checks
PME00512,Counter checks
PME00513,Bearer checks
PME00514,Counter checks
PME00515,Order checks
PME00516,Order checks
PME00517,Bearer checks
PME00518,Order checks
PME00519,Account payee checks
PME00520,Account payee checks
PME00521,Account payee checks
PME00522,Counter checks
PME00523,Order checks
PME00524,Account payee checks
PME00525,Bearer checks
PME00526,Bearer checks
PME00527,Counter checks
PME00528,Order checks
PME00529,Counter checks
PME00530,Order checks
PME00531,Bearer checks
PME00532,Order checks
PME00533,Order checks
PME00534,Order checks
PME00535,Account payee checks
PME00536,Order checks
PME00537,Bearer checks
PME00538,Account payee checks
PME00539,Counter checks
PME00540,Order checks
PME00541,Bearer checks
PME00542,Order checks
PME00543,Bearer checks
PME00544,Bearer checks
PME00545,Counter checks
PME00546,Counter checks
PME00547,Order checks
PME00548,Counter checks
PME00549,Order checks
PME00550,Counter checks
PME00551,Bearer checks
PME00552,Account payee checks
PME00553,Account payee checks
PME00554,Order checks
PME00555,Bearer checks
PME00556,Counter checks
PME00557,Counter checks
PME00558,Account payee checks
PME00559,Account payee checks
PME00560,Counter checks
PME00561,Bearer checks
PME00562,Account payee checks
PME00563,Account payee checks
PME00564,Bearer checks
PME00565,Bearer checks
PME00566,Bearer checks
PME00567,Account payee checks
PME00568,Account payee checks
PME00569,Account payee checks
PME00570,Bearer checks
PME00571,Order checks
PME00572,Counter checks
PME00573,Counter checks
PME00574,Account payee checks
PME00575,Bearer checks
PME00576,Counter checks
PME00577,Account payee checks
PME00578,Counter checks
PME00579,Account payee checks
PME00580,Account payee checks
PME00581,Bearer checks
PME00582,Bearer checks
PME00583,Account payee checks
PME00584,Bearer checks
PME00585,Counter checks
PME00586,Account payee checks
PME00587,Bearer checks
PME00588,Order checks
PME00589,Counter checks
PME00590,Order checks
PME00591,Account payee checks
PME00592,Order checks
PME00593,Bearer checks
PME00594,Account payee checks
PME00595,Order checks
PME00596,Account payee checks
PME00597,Counter checks
PME00598,Bearer checks
PME00599,Counter checks
PME00600,Order checks
PME00601,Account payee checks
PME00602,Order checks
PME00603,Account payee checks
PME00604,Order checks
PME00605,Bearer checks
PME00606,Order checks
PME00607,Counter checks
PME00608,Bearer checks
PME00609,Order checks
PME00610,Order checks
PME00611,Counter checks
PME00612,Counter checks
PME00613,Bearer checks
PME00614,Bearer checks
PME00615,Account payee checks
PME00616,Counter checks
PME00617,Bearer checks
PME00618,Order checks
PME00619,Bearer checks
PME00620,Counter checks
PME00621,Counter checks
PME00622,Bearer checks
PME00623,Order checks
PME00624,Account payee checks
PME00625,Account payee checks
PME00626,Bearer checks
PME00627,Order checks
PME00628,Bearer checks
PME00629,Account payee checks
PME00630,Account payee checks
PME00631,Counter checks
PME00632,Counter checks
PME00633,Bearer checks
PME00634,Order checks
PME00635,Counter checks
PME00636,Counter checks
PME00637,Bearer checks
PME00638,Order checks
PME00639,Order checks
PME00640,Order checks
PME00641,Account payee checks
PME00642,Order checks
PME00643,Account payee checks
PME00644,Counter checks
PME00645,Bearer checks
PME00646,Account payee checks
PME00647,Bearer checks
PME00648,Bearer checks
PME00649,Counter checks
PME00650,Bearer checks
PME00651,Counter checks
PME00652,Bearer checks
PME00653,Order checks
PME00654,Counter checks
PME00655,Bearer checks
PME00656,Bearer checks
PME00657,Account payee checks
PME00658,Order checks
PME00659,Counter checks
PME00660,Counter checks
PME00661,Order checks
PME00662,Account payee checks
PME00663,Account payee checks
PME00664,Bearer checks
PME00665,Bearer checks
PME00666,Bearer checks
PME00667,Bearer checks
PME00668,Order checks
PME00669,Counter checks
PME00670,Bearer checks
PME00671,Counter checks
PME00672,Bearer checks
PME00673,Order checks
PME00674,Counter checks
PME00675,Bearer checks
PME00676,Counter checks
PME00677,Counter checks
PME00678,Counter checks
PME00679,Order checks
PME00680,Account payee checks
PME00681,Order checks
PME00682,Account payee checks
PME00683,Counter checks
PME00684,Counter checks
PME00685,Bearer checks
PME00686,Order checks
PME00687,Counter checks
PME00688,Bearer checks
PME00689,Bearer checks
PME00690,Account payee checks
PME00691,Account payee checks
PME00692,Account payee checks
PME00693,Counter checks
PME00694,Bearer checks
PME00695,Account payee checks
PME00696,Account payee checks
PME00697,Bearer checks
PME00698,Order checks
PME00699,Bearer checks
PME00700,Order checks
