billing_address_id,billing_address,billing_city_id
BLI00001,05 Carpenter Junction,BCT00001
BLI00002,483 Huxley Junction,BCT00002
BLI00003,08352 Haas Plaza,BCT00003
BLI00004,7 Kennedy Parkway,BCT00004
BLI00005,36795 Marquette Parkway,BCT00005
BLI00006,992 Del Sol Plaza,BCT00006
BLI00007,07562 Division Alley,BCT00007
BLI00008,8806 Stang Circle,BCT00008
BLI00009,391 Debs Center,BCT00009
BLI00010,32891 Lyons Plaza,BCT00010
BLI00011,66 3rd Pass,BCT00011
BLI00012,7531 Randy Court,BCT00012
BLI00013,9 Annamark Lane,BCT00013
BLI00014,7 Kedzie Trail,BCT00014
BLI00015,111 Northview Alley,BCT00015
BLI00016,78 Corscot Trail,BCT00016
BLI00017,4 Spenser Point,BCT00017
BLI00018,9 Mifflin Lane,BCT00018
BLI00019,95215 Hagan Park,BCT00019
BLI00020,94398 Memorial Drive,BCT00020
BLI00021,48571 Kedzie Pass,BCT00021
BLI00022,8 2nd Terrace,BCT00022
BLI00023,6389 Bellgrove Junction,BCT00023
BLI00024,1 7th Plaza,BCT00024
BLI00025,93628 Kropf Pass,BCT00025
BLI00026,5498 Arapahoe Court,BCT00026
BLI00027,843 Summerview Circle,BCT00027
BLI00028,51385 Independence Place,BCT00028
BLI00029,9 Roth Drive,BCT00029
BLI00030,2 Debra Court,BCT00030
BLI00031,3 Hanson Lane,BCT00031
BLI00032,14 Hooker Place,BCT00032
BLI00033,357 Northport Avenue,BCT00033
BLI00034,98 Everett Crossing,BCT00034
BLI00035,07 Bultman Center,BCT00035
BLI00036,02671 Haas Road,BCT00036
BLI00037,6 Sycamore Hill,BCT00037
BLI00038,5 Tennessee Junction,BCT00038
BLI00039,29180 Bluestem Park,BCT00039
BLI00040,577 Brown Avenue,BCT00040
BLI00041,9019 Heffernan Pass,BCT00041
BLI00042,532 Summer Ridge Pass,BCT00042
BLI00043,84 1st Hill,BCT00043
BLI00044,07895 Melody Hill,BCT00044
BLI00045,20253 Butterfield Place,BCT00045
BLI00046,236 Mallard Trail,BCT00046
BLI00047,0 Prairieview Drive,BCT00047
BLI00048,0 Forest Run Plaza,BCT00048
BLI00049,47 7th Plaza,BCT00049
BLI00050,06 Debs Pass,BCT00050
BLI00051,3071 Hauk Street,BCT00051
BLI00052,977 Barnett Lane,BCT00052
BLI00053,9 Drewry Junction,BCT00053
BLI00054,092 Lukken Terrace,BCT00054
BLI00055,24086 Melrose Trail,BCT00055
BLI00056,4 Vahlen Plaza,BCT00056
BLI00057,58 Crownhardt Terrace,BCT00057
BLI00058,84 Meadow Ridge Lane,BCT00058
BLI00059,2056 Vermont Terrace,BCT00059
BLI00060,56676 Fallview Avenue,BCT00060
BLI00061,37969 Fair Oaks Way,BCT00061
BLI00062,54 5th Crossing,BCT00062
BLI00063,2 Loomis Terrace,BCT00063
BLI00064,3 Welch Junction,BCT00064
BLI00065,55 Packers Road,BCT00065
BLI00066,272 South Way,BCT00066
BLI00067,8 8th Street,BCT00067
BLI00068,882 Milwaukee Hill,BCT00068
BLI00069,13107 Bluestem Hill,BCT00069
BLI00070,8690 Debs Alley,BCT00070
BLI00071,38004 Clyde Gallagher Lane,BCT00071
BLI00072,8459 Anderson Plaza,BCT00072
BLI00073,8 Clarendon Hill,BCT00073
BLI00074,9 Pleasure Alley,BCT00074
BLI00075,75288 Farmco Lane,BCT00075
BLI00076,07 Bowman Street,BCT00076
BLI00077,0 Continental Street,BCT00077
BLI00078,37772 Amoth Hill,BCT00078
BLI00079,3618 Sauthoff Park,BCT00079
BLI00080,4 Loeprich Place,BCT00080
BLI00081,42457 Morning Court,BCT00081
BLI00082,19 Sloan Crossing,BCT00082
BLI00083,26244 Ronald Regan Road,BCT00083
BLI00084,1 Merrick Junction,BCT00084
BLI00085,3680 Magdeline Alley,BCT00085
BLI00086,001 Orin Plaza,BCT00086
BLI00087,73 Mcbride Lane,BCT00087
BLI00088,3168 Cordelia Pass,BCT00088
BLI00089,0563 Pepper Wood Court,BCT00089
BLI00090,306 Arizona Drive,BCT00090
BLI00091,71137 Texas Pass,BCT00091
BLI00092,8 Shelley Place,BCT00092
BLI00093,28838 Sunfield Alley,BCT00093
BLI00094,6612 Stoughton Pass,BCT00094
BLI00095,4142 Harper Junction,BCT00095
BLI00096,138 Lyons Place,BCT00096
BLI00097,8755 Eagan Point,BCT00097
BLI00098,6 Anniversary Way,BCT00098
BLI00099,65281 Center Junction,BCT00099
BLI00100,32 Jenifer Alley,BCT00100
BLI00101,95 Hermina Street,BCT00101
BLI00102,8542 Redwing Avenue,BCT00102
BLI00103,07 Drewry Hill,BCT00103
BLI00104,592 Warbler Place,BCT00104
BLI00105,707 Kropf Crossing,BCT00105
BLI00106,2 Truax Alley,BCT00106
BLI00107,55 Summerview Way,BCT00107
BLI00108,0640 Leroy Trail,BCT00108
BLI00109,833 Waywood Crossing,BCT00109
BLI00110,4489 Sachs Way,BCT00110
BLI00111,4 Bartelt Road,BCT00111
BLI00112,81 Swallow Drive,BCT00112
BLI00113,7 Schlimgen Hill,BCT00113
BLI00114,4 Doe Crossing Park,BCT00114
BLI00115,1 Schurz Lane,BCT00115
BLI00116,6 Logan Lane,BCT00116
BLI00117,08700 Iowa Alley,BCT00117
BLI00118,7 Armistice Terrace,BCT00118
BLI00119,65249 Pearson Park,BCT00119
BLI00120,624 Melvin Road,BCT00120
BLI00121,75 Randy Avenue,BCT00121
BLI00122,44 Glacier Hill Way,BCT00122
BLI00123,4331 Almo Hill,BCT00123
BLI00124,685 Lunder Pass,BCT00124
BLI00125,015 Weeping Birch Drive,BCT00125
BLI00126,663 Sommers Park,BCT00126
BLI00127,278 Granby Plaza,BCT00127
BLI00128,48172 Vera Pass,BCT00128
BLI00129,17 Morrow Junction,BCT00129
BLI00130,7084 Colorado Alley,BCT00130
BLI00131,6797 Crownhardt Park,BCT00131
BLI00132,2 Lien Parkway,BCT00132
BLI00133,76 Northfield Center,BCT00133
BLI00134,81334 Village Place,BCT00134
BLI00135,82 Iowa Lane,BCT00135
BLI00136,321 South Parkway,BCT00136
BLI00137,23328 Meadow Ridge Alley,BCT00137
BLI00138,474 Eastwood Alley,BCT00138
BLI00139,365 Hoffman Way,BCT00139
BLI00140,21729 Coolidge Drive,BCT00140
BLI00141,7 Ridge Oak Point,BCT00141
BLI00142,32 Garrison Road,BCT00142
BLI00143,08 Blue Bill Park Trail,BCT00143
BLI00144,02117 Bellgrove Junction,BCT00144
BLI00145,4 Mosinee Drive,BCT00145
BLI00146,507 Warrior Place,BCT00146
BLI00147,7 Fuller Crossing,BCT00147
BLI00148,86 Reindahl Avenue,BCT00148
BLI00149,19415 Kipling Way,BCT00149
BLI00150,32 Anhalt Plaza,BCT00150
BLI00151,6111 Leroy Court,BCT00151
BLI00152,273 Armistice Way,BCT00152
BLI00153,26928 Springview Court,BCT00153
BLI00154,7 North Hill,BCT00154
BLI00155,905 Bunting Plaza,BCT00155
BLI00156,34109 Susan Junction,BCT00156
BLI00157,421 Mallard Court,BCT00157
BLI00158,50304 Holy Cross Hill,BCT00158
BLI00159,1962 Lerdahl Terrace,BCT00159
BLI00160,2267 Porter Trail,BCT00160
BLI00161,2 Old Shore Avenue,BCT00161
BLI00162,9 Mariners Cove Way,BCT00162
BLI00163,6804 Dennis Terrace,BCT00163
BLI00164,000 Blackbird Alley,BCT00164
BLI00165,1295 Corben Court,BCT00165
BLI00166,0 Sommers Road,BCT00166
BLI00167,55 Grayhawk Way,BCT00167
BLI00168,6323 Dunning Plaza,BCT00168
BLI00169,79430 Superior Center,BCT00169
BLI00170,95657 Sundown Junction,BCT00170
BLI00171,5663 Golf Course Avenue,BCT00171
BLI00172,59720 Warbler Pass,BCT00172
BLI00173,63164 Buena Vista Crossing,BCT00173
BLI00174,8 Kim Point,BCT00174
BLI00175,120 Spenser Avenue,BCT00175
BLI00176,86116 Hagan Point,BCT00176
BLI00177,03759 Buhler Pass,BCT00177
BLI00178,348 Schurz Avenue,BCT00178
BLI00179,38 Walton Avenue,BCT00179
BLI00180,4554 Corry Place,BCT00180
BLI00181,83739 7th Pass,BCT00181
BLI00182,80 Londonderry Alley,BCT00182
BLI00183,620 Old Gate Road,BCT00183
BLI00184,1796 Dexter Circle,BCT00184
BLI00185,9 Johnson Junction,BCT00185
BLI00186,4283 Gerald Lane,BCT00186
BLI00187,574 Superior Crossing,BCT00187
BLI00188,6 New Castle Hill,BCT00188
BLI00189,8655 Dunning Pass,BCT00189
BLI00190,5 Spenser Crossing,BCT00190
BLI00191,4 Walton Lane,BCT00191
BLI00192,3655 Hintze Court,BCT00192
BLI00193,61 Corry Crossing,BCT00193
BLI00194,0 Amoth Terrace,BCT00194
BLI00195,69416 Ronald Regan Trail,BCT00195
BLI00196,9165 Kedzie Hill,BCT00196
BLI00197,44825 Scofield Crossing,BCT00197
BLI00198,5 Sullivan Point,BCT00198
BLI00199,3278 Cardinal Hill,BCT00199
BLI00200,7 John Wall Crossing,BCT00200
